2dhfA,2dhfA,-1.1313708455418237e-05
2dhfA,4m6lA,-0.0873374193906784
4m6lA,2dhfA,-0.08733735978603363
4m6lA,4m6lA,-1.1313708455418237e-05
1bk0A,1bk0A,-1.1313708455418237e-05
1bk0A,1odmA,-0.044703736901283264
1bk0A,1qiqA,-0.05609452351927757
1bk0A,1uzwA,-0.021137896925210953
1bk0A,1w05A,-0.09839080274105072
1bk0A,2vbpA,-0.05127384141087532
1bk0A,2y60A,-0.008933634497225285
1bk0A,2y6fA,-0.38171327114105225
1odmA,1bk0A,-0.04470586031675339
1odmA,1odmA,-1.1313708455418237e-05
1odmA,1qiqA,-0.06661872565746307
1odmA,1uzwA,-0.024555152282118797
1odmA,1w05A,-0.12438040226697922
1odmA,2vbpA,-0.0795920267701149
1odmA,2y60A,-0.04291119426488876
1odmA,2y6fA,-0.4036663770675659
1qiqA,1bk0A,-0.05609673261642456
1qiqA,1odmA,-0.0666191577911377
1qiqA,1qiqA,-1.1313708455418237e-05
1qiqA,1uzwA,-0.05349970981478691
1qiqA,1w05A,-0.06043476611375809
1qiqA,2vbpA,-0.10386332869529724
1qiqA,2y60A,-0.06356573849916458
1qiqA,2y6fA,-0.33833131194114685
1uzwA,1bk0A,-0.021140320226550102
1uzwA,1odmA,-0.02455337531864643
1uzwA,1qiqA,-0.05349835008382797
1uzwA,1uzwA,-1.1313708455418237e-05
1uzwA,1w05A,-0.10606742650270462
1uzwA,2vbpA,-0.0636206865310669
1uzwA,2y60A,-0.021273717284202576
1uzwA,2y6fA,-0.38848474621772766
1w05A,1bk0A,-0.0983915627002716
1w05A,1odmA,-0.12438023835420609
1w05A,1qiqA,-0.060433950275182724
1w05A,1uzwA,-0.10606764256954193
1w05A,1w05A,-1.1313708455418237e-05
1w05A,2vbpA,-0.13539357483386993
1w05A,2y60A,-0.10664723068475723
1w05A,2y6fA,-0.2847805917263031
2vbpA,1bk0A,-0.05127133056521416
2vbpA,1odmA,-0.07958921045064926
2vbpA,1qiqA,-0.10386088490486145
2vbpA,1uzwA,-0.06361786276102066
2vbpA,1w05A,-0.13539208471775055
2vbpA,2vbpA,-1.1313708455418237e-05
2vbpA,2y60A,-0.04473099485039711
2vbpA,2y6fA,-0.41318532824516296
2y60A,1bk0A,-0.008932668715715408
2y60A,1odmA,-0.04290878027677536
2y60A,1qiqA,-0.06356365233659744
2y60A,1uzwA,-0.021270904690027237
2y60A,1w05A,-0.10664645582437515
2y60A,2vbpA,-0.0447336807847023
2y60A,2y60A,-1.1313708455418237e-05
2y60A,2y6fA,-0.38983744382858276
2y6fA,1bk0A,-0.3817136585712433
2y6fA,1odmA,-0.40366652607917786
2y6fA,1qiqA,-0.338331401348114
2y6fA,1uzwA,-0.38848498463630676
2y6fA,1w05A,-0.2847808599472046
2y6fA,2vbpA,-0.4131859838962555
2y6fA,2y60A,-0.3898378312587738
2y6fA,2y6fA,-1.1313708455418237e-05
1pwmA,1pwmA,-1.1313708455418237e-05
1pwmA,1x97A,-0.03168446570634842
1x97A,1pwmA,-0.03168211504817009
1x97A,1x97A,-1.1313708455418237e-05
1rmzA,1rmzA,-1.1313708455418237e-05
1rmzA,3f15A,-0.15284377336502075
1rmzA,3nx7A,-0.1670616716146469
3f15A,1rmzA,-0.15284393727779388
3f15A,3f15A,-1.1313708455418237e-05
3f15A,3nx7A,-0.0278036966919899
3nx7A,1rmzA,-0.16706186532974243
3nx7A,3f15A,-0.027804046869277954
3nx7A,3nx7A,-1.1313708455418237e-05
2zc9H,2zc9H,-1.1313708455418237e-05
2zc9H,2zdaH,-0.05689268559217453
2zc9H,2zf0H,-0.04663725569844246
2zc9H,2zffH,-0.07111985236406326
2zc9H,3p17H,-0.13372132182121277
2zc9H,3qtoH,-0.15864163637161255
2zc9H,3qtvH,-0.17068731784820557
2zc9H,3si3H,-0.040763162076473236
2zc9H,3si4H,-0.1361071765422821
2zc9H,3sv2H,-0.2720010280609131
2zdaH,2zc9H,-0.05689488351345062
2zdaH,2zdaH,-1.1313708455418237e-05
2zdaH,2zf0H,-0.101343534886837
2zdaH,2zffH,-0.05055305361747742
2zdaH,3p17H,-0.12942691147327423
2zdaH,3qtoH,-0.10417325049638748
2zdaH,3qtvH,-0.1250295639038086
2zdaH,3si3H,-0.021065043285489082
2zdaH,3si4H,-0.1162271797657013
2zdaH,3sv2H,-0.22385306656360626
2zf0H,2zc9H,-0.04663548618555069
2zf0H,2zdaH,-0.10134148597717285
2zf0H,2zf0H,-1.1313708455418237e-05
2zf0H,2zffH,-0.09909994155168533
2zf0H,3p17H,-0.1371092051267624
2zf0H,3qtoH,-0.20104843378067017
2zf0H,3qtvH,-0.20293553173542023
2zf0H,3si3H,-0.08286379277706146
2zf0H,3si4H,-0.15205824375152588
2zf0H,3sv2H,-0.3040925860404968
2zffH,2zc9H,-0.07112232595682144
2zffH,2zdaH,-0.050554059445858
2zffH,2zf0H,-0.09910254925489426
2zffH,2zffH,-1.1313708455418237e-05
2zffH,3p17H,-0.07917416840791702
2zffH,3qtoH,-0.1145612820982933
2zffH,3qtvH,-0.10432053357362747
2zffH,3si3H,-0.047609489411115646
2zffH,3si4H,-0.0692167729139328
2zffH,3sv2H,-0.20596536993980408
3p17H,2zc9H,-0.13372303545475006
3p17H,2zdaH,-0.1294277161359787
3p17H,2zf0H,-0.13711147010326385
3p17H,2zffH,-0.07917483896017075
3p17H,3p17H,-1.1313708455418237e-05
3p17H,3qtoH,-0.1668139547109604
3p17H,3qtvH,-0.11998764425516129
3p17H,3si3H,-0.12275686860084534
3p17H,3si4H,-0.04249441251158714
3p17H,3sv2H,-0.20435836911201477
3qtoH,2zc9H,-0.15864387154579163
3qtoH,2zdaH,-0.10417544096708298
3qtoH,2zf0H,-0.20105059444904327
3qtoH,2zffH,-0.11456283181905746
3qtoH,3p17H,-0.16681469976902008
3qtoH,3qtoH,-1.1313708455418237e-05
3qtoH,3qtvH,-0.07127264142036438
3qtoH,3si3H,-0.12356753647327423
3qtoH,3si4H,-0.13012903928756714
3qtoH,3sv2H,-0.1400526911020279
3qtvH,2zc9H,-0.17068977653980255
3qtvH,2zdaH,-0.12503193318843842
3qtvH,2zf0H,-0.2029380053281784
3qtvH,2zffH,-0.1043228879570961
3qtvH,3p17H,-0.11998924612998962
3qtvH,3qtoH,-0.07127359509468079
3qtvH,3qtvH,-1.1313708455418237e-05
3qtvH,3si3H,-0.13704249262809753
3qtvH,3si4H,-0.08061482757329941
3qtvH,3sv2H,-0.10220955312252045
3si3H,2zc9H,-0.04076535627245903
3si3H,2zdaH,-0.02106335200369358
3si3H,2zf0H,-0.08286586403846741
3si3H,2zffH,-0.047607675194740295
3si3H,3p17H,-0.12275572121143341
3si3H,3qtoH,-0.12356540560722351
3si3H,3qtvH,-0.13704006373882294
3si3H,3si3H,-1.1313708455418237e-05
3si3H,3si4H,-0.11665298789739609
3si3H,3sv2H,-0.2372591197490692
3si4H,2zc9H,-0.1361093670129776
3si4H,2zdaH,-0.11622867733240128
3si4H,2zf0H,-0.15206074714660645
3si4H,2zffH,-0.06921855360269547
3si4H,3p17H,-0.04249606654047966
3si4H,3qtoH,-0.1301286220550537
3si4H,3qtvH,-0.08061331510543823
3si4H,3si3H,-0.11665478348731995
3si4H,3si4H,-1.1313708455418237e-05
3si4H,3sv2H,-0.16828298568725586
3sv2H,2zc9H,-0.2720033526420593
3sv2H,2zdaH,-0.22385534644126892
3sv2H,2zf0H,-0.30409491062164307
3sv2H,2zffH,-0.20596757531166077
3sv2H,3p17H,-0.20436033606529236
3sv2H,3qtoH,-0.14005470275878906
3sv2H,3qtvH,-0.10221163183450699
3sv2H,3si3H,-0.23726141452789307
3sv2H,3si4H,-0.16828496754169464
3sv2H,3sv2H,-1.1313708455418237e-05
1uy6A,1uy6A,-1.1313708455418237e-05
1uy6A,1uycA,-0.4264087378978729
1uy6A,1uydA,-0.010346443392336369
1uy6A,1uyeA,-0.025113556534051895
1uycA,1uy6A,-0.4264066815376282
1uycA,1uycA,-1.1313708455418237e-05
1uycA,1uydA,-0.4235951006412506
1uycA,1uyeA,-0.4395538568496704
1uydA,1uy6A,-0.010347984731197357
1uydA,1uycA,-0.42359721660614014
1uydA,1uydA,-1.1313708455418237e-05
1uydA,1uyeA,-0.0352039597928524
1uyeA,1uy6A,-0.025112634524703026
1uyeA,1uycA,-0.439555823802948
1uyeA,1uydA,-0.03520284965634346
1uyeA,1uyeA,-1.1313708455418237e-05
4j0rA,4j0rA,-1.1313708455418237e-05
4j0rA,4j0sA,-0.05342891812324524
4j0sA,4j0rA,-0.053429827094078064
4j0sA,4j0sA,-1.1313708455418237e-05
3choA,3choA,-1.1313708455418237e-05
3choA,3chpA,-0.048192597925662994
3choA,3chqA,-0.03086099959909916
3chpA,3choA,-0.04819214716553688
3chpA,3chpA,-1.1313708455418237e-05
3chpA,3chqA,-0.03403709456324577
3chqA,3choA,-0.030862389132380486
3chqA,3chpA,-0.03403899446129799
3chqA,3chqA,-1.1313708455418237e-05
2zsaA,2zsaA,-1.1313708455418237e-05
2zsaA,3af2A,-0.0010463420767337084
2zsaA,3af3A,-0.001101422356441617
3af2A,2zsaA,-0.0010486694518476725
3af2A,3af2A,-1.1313708455418237e-05
3af2A,3af3A,-0.002144565572962165
3af3A,2zsaA,-0.001099249697290361
3af3A,3af2A,-0.0021423124708235264
3af3A,3af3A,-1.1313708455418237e-05
4butA,4butA,-1.1313708455418237e-05
4butA,4buuA,-0.07845478504896164
4buuA,4butA,-0.07845322787761688
4buuA,4buuA,-1.1313708455418237e-05
2x92A,2x92A,-1.1313708455418237e-05
2x92A,2x93A,-0.06988046318292618
2x92A,2x94A,-0.17256657779216766
2x93A,2x92A,-0.06988199055194855
2x93A,2x93A,-1.1313708455418237e-05
2x93A,2x94A,-0.1090201735496521
2x94A,2x92A,-0.17256756126880646
2x94A,2x93A,-0.10902074724435806
2x94A,2x94A,-1.1313708455418237e-05
3m67A,3m67A,-1.1313708455418237e-05
3m67A,3m96A,-0.13365137577056885
3m67A,3s9tA,-0.1838880479335785
3m96A,3m67A,-0.13365161418914795
3m96A,3m96A,-1.1313708455418237e-05
3m96A,3s9tA,-0.05764178931713104
3s9tA,3m67A,-0.18388806283473969
3s9tA,3m96A,-0.057641319930553436
3s9tA,3s9tA,-1.1313708455418237e-05
2dhfA,1bk0A,-0.14064563810825348
2dhfA,1odmA,-0.18060371279716492
2dhfA,1qiqA,-0.17858362197875977
2dhfA,1uzwA,-0.15976056456565857
2dhfA,1w05A,-0.17470702528953552
2dhfA,2vbpA,-0.10520347207784653
2dhfA,2y60A,-0.13895754516124725
2dhfA,2y6fA,-0.4073057472705841
2dhfA,1pwmA,-0.6983064413070679
2dhfA,1x97A,-0.6808413863182068
2dhfA,1rmzA,-1.0088735818862915
2dhfA,3f15A,-1.130604863166809
2dhfA,3nx7A,-1.1448456048965454
2dhfA,2zc9H,-1.436510682106018
2dhfA,2zdaH,-1.4003772735595703
2dhfA,2zf0H,-1.4653209447860718
2dhfA,2zffH,-1.4157633781433105
2dhfA,3p17H,-1.438559651374817
2dhfA,3qtoH,-1.3470113277435303
2dhfA,3qtvH,-1.3643953800201416
2dhfA,3si3H,-1.4107667207717896
2dhfA,3si4H,-1.418518304824829
2dhfA,3sv2H,-1.3147025108337402
2dhfA,1uy6A,-0.5495136380195618
2dhfA,1uycA,-0.23141874372959137
2dhfA,1uydA,-0.5430887341499329
2dhfA,1uyeA,-0.5693686008453369
2dhfA,4j0rA,-0.17549839615821838
2dhfA,4j0sA,-0.20424002408981323
2dhfA,3choA,-0.6143086552619934
2dhfA,3chpA,-0.5694202184677124
2dhfA,3chqA,-0.5982178449630737
2dhfA,2zsaA,-0.7173749804496765
2dhfA,3af2A,-0.7179818153381348
2dhfA,3af3A,-0.7167890071868896
2dhfA,4butA,-0.7356882095336914
2dhfA,4buuA,-0.6749916076660156
2dhfA,2x92A,-0.8498631715774536
2dhfA,2x93A,-0.8947234749794006
2dhfA,2x94A,-0.9736994504928589
2dhfA,3m67A,-1.0130599737167358
2dhfA,3m96A,-1.1189298629760742
2dhfA,3s9tA,-1.1631393432617188
4m6lA,1bk0A,-0.18083401024341583
4m6lA,1odmA,-0.22481361031532288
4m6lA,1qiqA,-0.19565679132938385
4m6lA,1uzwA,-0.20065802335739136
4m6lA,1w05A,-0.16377070546150208
4m6lA,2vbpA,-0.16571080684661865
4m6lA,2y60A,-0.18316787481307983
4m6lA,2y6fA,-0.33815571665763855
4m6lA,1pwmA,-0.6322140097618103
4m6lA,1x97A,-0.6126718521118164
4m6lA,1rmzA,-0.9788119196891785
4m6lA,3f15A,-1.102813720703125
4m6lA,3nx7A,-1.1180384159088135
4m6lA,2zc9H,-1.3949191570281982
4m6lA,2zdaH,-1.358955979347229
4m6lA,2zf0H,-1.4238871335983276
4m6lA,2zffH,-1.3758593797683716
4m6lA,3p17H,-1.4007409811019897
4m6lA,3qtoH,-1.3081071376800537
4m6lA,3qtvH,-1.3270045518875122
4m6lA,3si3H,-1.369011402130127
4m6lA,3si4H,-1.3813287019729614
4m6lA,3sv2H,-1.2802975177764893
4m6lA,1uy6A,-0.48079806566238403
4m6lA,1uycA,-0.14854499697685242
4m6lA,1uydA,-0.47514235973358154
4m6lA,1uyeA,-0.4994015693664551
4m6lA,4j0rA,-0.18817365169525146
4m6lA,4j0sA,-0.19378146529197693
4m6lA,3choA,-0.55328369140625
4m6lA,3chpA,-0.5092998147010803
4m6lA,3chqA,-0.5398902893066406
4m6lA,2zsaA,-0.6429064869880676
4m6lA,3af2A,-0.643562376499176
4m6lA,3af3A,-0.6422682404518127
4m6lA,4butA,-0.7053939700126648
4m6lA,4buuA,-0.6400502324104309
4m6lA,2x92A,-0.7969447374343872
4m6lA,2x93A,-0.8457408547401428
4m6lA,2x94A,-0.927085280418396
4m6lA,3m67A,-0.9936029314994812
4m6lA,3m96A,-1.1034318208694458
4m6lA,3s9tA,-1.146927833557129
1bk0A,2dhfA,-0.14064857363700867
1bk0A,4m6lA,-0.18083631992340088
1bk0A,1pwmA,-0.6585018634796143
1bk0A,1x97A,-0.6463760733604431
1bk0A,1rmzA,-0.9131156206130981
1bk0A,3f15A,-1.0372753143310547
1bk0A,3nx7A,-1.0507649183273315
1bk0A,2zc9H,-1.386831521987915
1bk0A,2zdaH,-1.3476195335388184
1bk0A,2zf0H,-1.4169999361038208
1bk0A,2zffH,-1.3600398302078247
1bk0A,3p17H,-1.3789806365966797
1bk0A,3qtoH,-1.286983847618103
1bk0A,3qtvH,-1.3005956411361694
1bk0A,3si3H,-1.3589060306549072
1bk0A,3si4H,-1.3572463989257812
1bk0A,3sv2H,-1.2427247762680054
1bk0A,1uy6A,-0.5174150466918945
1bk0A,1uycA,-0.3190425932407379
1bk0A,1uydA,-0.5091743469238281
1bk0A,1uyeA,-0.5401607155799866
1bk0A,4j0rA,-0.061241406947374344
1bk0A,4j0sA,-0.11297640949487686
1bk0A,3choA,-0.5626505017280579
1bk0A,3chpA,-0.5165265202522278
1bk0A,3chqA,-0.5411410927772522
1bk0A,2zsaA,-0.7025135159492493
1bk0A,3af2A,-0.7029557824134827
1bk0A,3af3A,-0.7021054625511169
1bk0A,4butA,-0.6344026923179626
1bk0A,4buuA,-0.5791483521461487
1bk0A,2x92A,-0.7838922739028931
1bk0A,2x93A,-0.8230675458908081
1bk0A,2x94A,-0.9016990661621094
1bk0A,3m67A,-0.9067238569259644
1bk0A,3m96A,-1.0129648447036743
1bk0A,3s9tA,-1.0594127178192139
1odmA,2dhfA,-0.18060651421546936
1odmA,4m6lA,-0.22481589019298553
1odmA,1pwmA,-0.6712338924407959
1odmA,1x97A,-0.6610212326049805
1odmA,1rmzA,-0.899359405040741
1odmA,3f15A,-1.0223160982131958
1odmA,3nx7A,-1.035383939743042
1odmA,2zc9H,-1.3834335803985596
1odmA,2zdaH,-1.3435639142990112
1odmA,2zf0H,-1.4138717651367188
1odmA,2zffH,-1.3549829721450806
1odmA,3p17H,-1.372658371925354
1odmA,3qtoH,-1.2806440591812134
1odmA,3qtvH,-1.2931759357452393
1odmA,3si3H,-1.3551700115203857
1odmA,3si4H,-1.3502980470657349
1odmA,3sv2H,-1.2328459024429321
1odmA,1uy6A,-0.5349019169807434
1odmA,1uycA,-0.3617103397846222
1odmA,1uydA,-0.5262632966041565
1odmA,1uyeA,-0.5580909848213196
1odmA,4j0rA,-0.07862231135368347
1odmA,4j0sA,-0.1299673616886139
1odmA,3choA,-0.572666585445404
1odmA,3chpA,-0.5269879698753357
1odmA,3chqA,-0.5496432185173035
1odmA,2zsaA,-0.7220631241798401
1odmA,3af2A,-0.7224515676498413
1odmA,3af3A,-0.7217126488685608
1odmA,4butA,-0.6227039694786072
1odmA,4buuA,-0.5708459615707397
1odmA,2x92A,-0.7849578857421875
1odmA,2x93A,-0.8211102485656738
1odmA,2x94A,-0.897834062576294
1odmA,3m67A,-0.887191116809845
1odmA,3m96A,-0.9917755126953125
1odmA,3s9tA,-1.038870930671692
1qiqA,2dhfA,-0.17858663201332092
1qiqA,4m6lA,-0.1956595480442047
1qiqA,1pwmA,-0.6107999086380005
1qiqA,1x97A,-0.5997379422187805
1qiqA,1rmzA,-0.864605188369751
1qiqA,3f15A,-0.9908727407455444
1qiqA,3nx7A,-1.0048571825027466
1qiqA,2zc9H,-1.3466110229492188
1qiqA,2zdaH,-1.3063890933990479
1qiqA,2zf0H,-1.3774693012237549
1qiqA,2zffH,-1.3188642263412476
1qiqA,3p17H,-1.338046908378601
1qiqA,3qtoH,-1.2444720268249512
1qiqA,3qtvH,-1.2580395936965942
1qiqA,3si3H,-1.3178826570510864
1qiqA,3si4H,-1.3159009218215942
1qiqA,3sv2H,-1.1990877389907837
1qiqA,1uy6A,-0.471625417470932
1qiqA,1uycA,-0.3186550736427307
1qiqA,1uydA,-0.46304187178611755
1qiqA,1uyeA,-0.4948415160179138
1qiqA,4j0rA,-0.02242935262620449
1qiqA,4j0sA,-0.06572257727384567
1qiqA,3choA,-0.5124107003211975
1qiqA,3chpA,-0.4661721885204315
1qiqA,3chqA,-0.49009692668914795
1qiqA,2zsaA,-0.6599358916282654
1qiqA,3af2A,-0.660335898399353
1qiqA,3af3A,-0.6595742106437683
1qiqA,4butA,-0.5830594897270203
1qiqA,4buuA,-0.5262930393218994
1qiqA,2x92A,-0.7327108979225159
1qiqA,2x93A,-0.7718431949615479
1qiqA,2x94A,-0.8513036370277405
1qiqA,3m67A,-0.8606685400009155
1qiqA,3m96A,-0.969770610332489
1qiqA,3s9tA,-1.0168163776397705
1uzwA,2dhfA,-0.15976347029209137
1uzwA,4m6lA,-0.2006603479385376
1uzwA,1pwmA,-0.6612212657928467
1uzwA,1x97A,-0.6500232219696045
1uzwA,1rmzA,-0.9039261341094971
1uzwA,3f15A,-1.0275934934616089
1uzwA,3nx7A,-1.0409841537475586
1uzwA,2zc9H,-1.3822848796844482
1uzwA,2zdaH,-1.3426884412765503
1uzwA,2zf0H,-1.4126732349395752
1uzwA,2zffH,-1.3547477722167969
1uzwA,3p17H,-1.3732807636260986
1uzwA,3qtoH,-1.280882477760315
1uzwA,3qtvH,-1.2941524982452393
1uzwA,3si3H,-1.3541615009307861
1uzwA,3si4H,-1.351176381111145
1uzwA,3sv2H,-1.2351372241973877
1uzwA,1uy6A,-0.5223312377929688
1uzwA,1uycA,-0.33757469058036804
1uzwA,1uydA,-0.5138896703720093
1uzwA,1uyeA,-0.5453028678894043
1uzwA,4j0rA,-0.06387265771627426
1uzwA,4j0sA,-0.11640188843011856
1uzwA,3choA,-0.5638452172279358
1uzwA,3chpA,-0.5179013609886169
1uzwA,3chqA,-0.5416075587272644
1uzwA,2zsaA,-0.7085477709770203
1uzwA,3af2A,-0.7089627981185913
1uzwA,3af3A,-0.7081691026687622
1uzwA,4butA,-0.6260562539100647
1uzwA,4buuA,-0.5720750093460083
1uzwA,2x92A,-0.7810148000717163
1uzwA,2x93A,-0.8187870383262634
1uzwA,2x94A,-0.8964594602584839
1uzwA,3m67A,-0.8951137661933899
1uzwA,3m96A,-1.0008645057678223
1uzwA,3s9tA,-1.0477012395858765
1w05A,2dhfA,-0.17470981180667877
1w05A,4m6lA,-0.16377371549606323
1w05A,1pwmA,-0.5667791366577148
1w05A,1x97A,-0.5537429451942444
1w05A,1rmzA,-0.8546952605247498
1w05A,3f15A,-0.9832252860069275
1w05A,3nx7A,-0.9979139566421509
1w05A,2zc9H,-1.3270598649978638
1w05A,2zdaH,-1.2872135639190674
1w05A,2zf0H,-1.3578392267227173
1w05A,2zffH,-1.3008670806884766
1w05A,3p17H,-1.3215879201889038
1w05A,3qtoH,-1.2277215719223022
1w05A,3qtvH,-1.2424275875091553
1w05A,3si3H,-1.2983522415161133
1w05A,3si4H,-1.3001357316970825
1w05A,3sv2H,-1.186143398284912
1w05A,1uy6A,-0.42254483699798584
1w05A,1uycA,-0.2695161700248718
1w05A,1uydA,-0.41434067487716675
1w05A,1uyeA,-0.44537264108657837
1w05A,4j0rA,-0.05064648762345314
1w05A,4j0sA,-0.03361756354570389
1w05A,3choA,-0.4712095260620117
1w05A,3chpA,-0.42452529072761536
1w05A,3chqA,-0.4507022798061371
1w05A,2zsaA,-0.6096790432929993
1w05A,3af2A,-0.6101259589195251
1w05A,3af3A,-0.6092677712440491
1w05A,4butA,-0.570772111415863
1w05A,4buuA,-0.5092400908470154
1w05A,2x92A,-0.7023022174835205
1w05A,2x93A,-0.7453683614730835
1w05A,2x94A,-0.8276975154876709
1w05A,3m67A,-0.8596983551979065
1w05A,3m96A,-0.9718980193138123
1w05A,3s9tA,-1.0181699991226196
2vbpA,2dhfA,-0.10520616918802261
2vbpA,4m6lA,-0.16571255028247833
2vbpA,1pwmA,-0.6948886513710022
2vbpA,1x97A,-0.6815385222434998
2vbpA,1rmzA,-0.9562855362892151
2vbpA,3f15A,-1.0780375003814697
2vbpA,3nx7A,-1.091628074645996
2vbpA,2zc9H,-1.4150900840759277
2vbpA,2zdaH,-1.376810073852539
2vbpA,2zf0H,-1.4449275732040405
2vbpA,2zffH,-1.3900253772735596
2vbpA,3p17H,-1.4100912809371948
2vbpA,3qtoH,-1.317604422569275
2vbpA,3qtvH,-1.3325201272964478
2vbpA,3si3H,-1.3880115747451782
2vbpA,3si4H,-1.3884919881820679
2vbpA,3sv2H,-1.276597023010254
2vbpA,1uy6A,-0.5519773364067078
2vbpA,1uycA,-0.31148582696914673
2vbpA,1uydA,-0.5441941618919373
2vbpA,1uyeA,-0.5739724636077881
2vbpA,4j0rA,-0.10913873463869095
2vbpA,4j0sA,-0.15689502656459808
2vbpA,3choA,-0.601491391658783
2vbpA,3chpA,-0.5557142496109009
2vbpA,3chqA,-0.5812260508537292
2vbpA,2zsaA,-0.7322798371315002
2vbpA,3af2A,-0.7327631711959839
2vbpA,3af3A,-0.7318277955055237
2vbpA,4butA,-0.6814597845077515
2vbpA,4buuA,-0.6257219910621643
2vbpA,2x92A,-0.8243433237075806
2vbpA,2x93A,-0.8638849854469299
2vbpA,2x94A,-0.9409555792808533
2vbpA,3m67A,-0.949837327003479
2vbpA,3m96A,-1.054408073425293
2vbpA,3s9tA,-1.1004443168640137
2y60A,2dhfA,-0.13896045088768005
2y60A,4m6lA,-0.1831701099872589
2y60A,1pwmA,-0.6665680408477783
2y60A,1x97A,-0.6544663310050964
2y60A,1rmzA,-0.9190083146095276
2y60A,3f15A,-1.0426101684570312
2y60A,3nx7A,-1.0560622215270996
2y60A,2zc9H,-1.3915702104568481
2y60A,2zdaH,-1.352429747581482
2y60A,2zf0H,-1.4217194318771362
2y60A,2zffH,-1.3648573160171509
2y60A,3p17H,-1.3838279247283936
2y60A,3qtoH,-1.2917324304580688
2y60A,3qtvH,-1.3054308891296387
2y60A,3si3H,-1.3637452125549316
2y60A,3si4H,-1.3620318174362183
2y60A,3sv2H,-1.2475656270980835
2y60A,1uy6A,-0.5256690382957458
2y60A,1uycA,-0.32294178009033203
2y60A,1uydA,-0.5174504518508911
2y60A,1uyeA,-0.5483595132827759
2y60A,4j0rA,-0.06988207995891571
2y60A,4j0sA,-0.12165125459432602
2y60A,3choA,-0.5707393288612366
2y60A,3chpA,-0.5246980786323547
2y60A,3chqA,-0.5492392182350159
2y60A,2zsaA,-0.7103220820426941
2y60A,3af2A,-0.7107648253440857
2y60A,3af3A,-0.709913432598114
2y60A,4butA,-0.6411638259887695
2y60A,4buuA,-0.5862452387809753
2y60A,2x92A,-0.7912219762802124
2y60A,2x93A,-0.8300809264183044
2y60A,2x94A,-0.9082129597663879
2y60A,3m67A,-0.9118304252624512
2y60A,3m96A,-1.0175702571868896
2y60A,3s9tA,-1.0640383958816528
2y6fA,2dhfA,-0.40730711817741394
2y6fA,4m6lA,-0.33815738558769226
2y6fA,1pwmA,-0.3029610812664032
2y6fA,1x97A,-0.284263014793396
2y6fA,1rmzA,-0.7180703282356262
2y6fA,3f15A,-0.8512435555458069
2y6fA,3nx7A,-0.8687330484390259
2y6fA,2zc9H,-1.1513220071792603
2y6fA,2zdaH,-1.1117976903915405
2y6fA,2zf0H,-1.1822277307510376
2y6fA,2zffH,-1.128867506980896
2y6fA,3p17H,-1.15427565574646
2y6fA,3qtoH,-1.0605897903442383
2y6fA,3qtvH,-1.0779101848602295
2y6fA,3si3H,-1.1215957403182983
2y6fA,3si4H,-1.1354085206985474
2y6fA,3sv2H,-1.0310677289962769
2y6fA,1uy6A,-0.14818762242794037
2y6fA,1uycA,-0.2990286648273468
2y6fA,1uydA,-0.14187319576740265
2y6fA,1uyeA,-0.1686793714761734
2y6fA,4j0rA,-0.32864680886268616
2y6fA,4j0sA,-0.277031809091568
2y6fA,3choA,-0.22396555542945862
2y6fA,3chpA,-0.1819530427455902
2y6fA,3chqA,-0.21538223326206207
2y6fA,2zsaA,-0.3324269950389862
2y6fA,3af2A,-0.33290472626686096
2y6fA,3af3A,-0.33198654651641846
2y6fA,4butA,-0.4520290791988373
2y6fA,4buuA,-0.377357542514801
2y6fA,2x92A,-0.4840799868106842
2y6fA,2x93A,-0.5414863228797913
2y6fA,2x94A,-0.6329398155212402
2y6fA,3m67A,-0.7637315988540649
2y6fA,3m96A,-0.8852002620697021
2y6fA,3s9tA,-0.9266268014907837
1pwmA,2dhfA,-0.6983075737953186
1pwmA,4m6lA,-0.6322153210639954
1pwmA,1bk0A,-0.658502459526062
1pwmA,1odmA,-0.6712343692779541
1pwmA,1qiqA,-0.6108003854751587
1pwmA,1uzwA,-0.6612218022346497
1pwmA,1w05A,-0.5667796730995178
1pwmA,2vbpA,-0.6948894262313843
1pwmA,2y60A,-0.6665686368942261
1pwmA,2y6fA,-0.30296191573143005
1pwmA,1rmzA,-0.5301594138145447
1pwmA,3f15A,-0.6549801230430603
1pwmA,3nx7A,-0.6728619337081909
1pwmA,2zc9H,-0.9223564863204956
1pwmA,2zdaH,-0.8830000162124634
1pwmA,2zf0H,-0.9519566893577576
1pwmA,2zffH,-0.8984631299972534
1pwmA,3p17H,-0.9216228127479553
1pwmA,3qtoH,-0.8393234014511108
1pwmA,3qtvH,-0.8520508408546448
1pwmA,3si3H,-0.8908981680870056
1pwmA,3si4H,-0.9064496755599976
1pwmA,3sv2H,-0.8121300935745239
1pwmA,1uy6A,-0.15824779868125916
1pwmA,1uycA,-0.5746164321899414
1pwmA,1uydA,-0.16405050456523895
1pwmA,1uyeA,-0.14079394936561584
1pwmA,4j0rA,-0.6024768948554993
1pwmA,4j0sA,-0.5514508485794067
1pwmA,3choA,-0.11135191470384598
1pwmA,3chpA,-0.15419720113277435
1pwmA,3chqA,-0.1401364505290985
1pwmA,2zsaA,-0.12989313900470734
1pwmA,3af2A,-0.12930478155612946
1pwmA,3af3A,-0.130558043718338
1pwmA,4butA,-0.3586197793483734
1pwmA,4buuA,-0.30748191475868225
1pwmA,2x92A,-0.23165450990200043
1pwmA,2x93A,-0.3006785809993744
1pwmA,2x94A,-0.3968930244445801
1pwmA,3m67A,-0.6173807382583618
1pwmA,3m96A,-0.7331447601318359
1pwmA,3s9tA,-0.7643725872039795
1x97A,2dhfA,-0.6808424592018127
1x97A,4m6lA,-0.6126731038093567
1x97A,1bk0A,-0.6463766098022461
1x97A,1odmA,-0.6610215902328491
1x97A,1qiqA,-0.5997382402420044
1x97A,1uzwA,-0.6500236392021179
1x97A,1w05A,-0.5537433624267578
1x97A,2vbpA,-0.6815391778945923
1x97A,2y60A,-0.6544668674468994
1x97A,2y6fA,-0.28426364064216614
1x97A,1rmzA,-0.5603247880935669
1x97A,3f15A,-0.6847595572471619
1x97A,3nx7A,-0.7025874257087708
1x97A,2zc9H,-0.9434577822685242
1x97A,2zdaH,-0.9049261808395386
1x97A,2zf0H,-0.9727003574371338
1x97A,2zffH,-0.9211378693580627
1x97A,3p17H,-0.9451839327812195
1x97A,3qtoH,-0.8628872632980347
1x97A,3qtvH,-0.8766254186630249
1x97A,3si3H,-0.9126332998275757
1x97A,3si4H,-0.9303738474845886
1x97A,3sv2H,-0.838411271572113
1x97A,1uy6A,-0.1382487565279007
1x97A,1uycA,-0.5501523613929749
1x97A,1uydA,-0.145372673869133
1x97A,1uyeA,-0.11808924376964569
1x97A,4j0rA,-0.590877890586853
1x97A,4j0sA,-0.5396355986595154
1x97A,3choA,-0.1144532784819603
1x97A,3chpA,-0.15124042332172394
1x97A,3chqA,-0.14412863552570343
1x97A,2zsaA,-0.10933447629213333
1x97A,3af2A,-0.10893197357654572
1x97A,3af3A,-0.10981331765651703
1x97A,4butA,-0.3818591237068176
1x97A,4buuA,-0.32753345370292664
1x97A,2x92A,-0.26251912117004395
1x97A,2x93A,-0.33133983612060547
1x97A,2x94A,-0.4261876940727234
1x97A,3m67A,-0.6460461020469666
1x97A,3m96A,-0.7617485523223877
1x97A,3s9tA,-0.7930951118469238
1rmzA,2dhfA,-1.0088753700256348
1rmzA,4m6lA,-0.9788137078285217
1rmzA,1bk0A,-0.9131171107292175
1rmzA,1odmA,-0.8993607759475708
1rmzA,1qiqA,-0.8646065592765808
1rmzA,1uzwA,-0.9039275646209717
1rmzA,1w05A,-0.8546968102455139
1rmzA,2vbpA,-0.956287145614624
1rmzA,2y60A,-0.919009804725647
1rmzA,2y6fA,-0.7180719971656799
1rmzA,1pwmA,-0.5301612019538879
1rmzA,1x97A,-0.5603266358375549
1rmzA,2zc9H,-0.6789802312850952
1rmzA,2zdaH,-0.6297103762626648
1rmzA,2zf0H,-0.7100972533226013
1rmzA,2zffH,-0.6216090321540833
1rmzA,3p17H,-0.6149178743362427
1rmzA,3qtoH,-0.5509558320045471
1rmzA,3qtvH,-0.5326496362686157
1rmzA,3si3H,-0.6411643028259277
1rmzA,3si4H,-0.5917810201644897
1rmzA,3sv2H,-0.4461840093135834
1rmzA,1uy6A,-0.6292044520378113
1rmzA,1uycA,-0.984840452671051
1rmzA,1uydA,-0.6273703575134277
1rmzA,1uyeA,-0.6279706954956055
1rmzA,4j0rA,-0.8647217750549316
1rmzA,4j0sA,-0.8299413323402405
1rmzA,3choA,-0.5290374159812927
1rmzA,3chpA,-0.5559316277503967
1rmzA,3chqA,-0.5240914821624756
1rmzA,2zsaA,-0.6346784830093384
1rmzA,3af2A,-0.6337847113609314
1rmzA,3af3A,-0.6356365084648132
1rmzA,4butA,-0.31012213230133057
1rmzA,4buuA,-0.37181222438812256
1rmzA,2x92A,-0.3197532892227173
1rmzA,2x93A,-0.26019930839538574
1rmzA,2x94A,-0.23508839309215546
1rmzA,3m67A,-0.128089040517807
1rmzA,3m96A,-0.2204899787902832
1rmzA,3s9tA,-0.250263512134552
3f15A,2dhfA,-1.1306064128875732
3f15A,4m6lA,-1.1028153896331787
3f15A,1bk0A,-1.0372766256332397
3f15A,1odmA,-1.0223172903060913
3f15A,1qiqA,-0.9908740520477295
3f15A,1uzwA,-1.027594804763794
3f15A,1w05A,-0.9832265973091125
3f15A,2vbpA,-1.0780389308929443
3f15A,2y60A,-1.0426114797592163
3f15A,2y6fA,-0.8512450456619263
3f15A,1pwmA,-0.6549816131591797
3f15A,1x97A,-0.6847610473632812
3f15A,2zc9H,-0.5738818049430847
3f15A,2zdaH,-0.5255865454673767
3f15A,2zf0H,-0.6032813191413879
3f15A,2zffH,-0.5102255940437317
3f15A,3p17H,-0.49494773149490356
3f15A,3qtoH,-0.44360512495040894
3f15A,3qtvH,-0.4148861765861511
3f15A,3si3H,-0.5370997190475464
3f15A,3si4H,-0.47048214077949524
3f15A,3sv2H,-0.32069477438926697
3f15A,1uy6A,-0.7617340683937073
3f15A,1uycA,-1.107521414756775
3f15A,1uydA,-0.7606449723243713
3f15A,1uyeA,-0.7586713433265686
3f15A,4j0rA,-0.9922500848770142
3f15A,4j0sA,-0.9599776268005371
3f15A,3choA,-0.6633740067481995
3f15A,3chpA,-0.6923373937606812
3f15A,3chqA,-0.6608918905258179
3f15A,2zsaA,-0.7467616200447083
3f15A,3af2A,-0.7458360195159912
3f15A,3af3A,-0.7477471232414246
3f15A,4butA,-0.45826825499534607
3f15A,4buuA,-0.5180132985115051
3f15A,2x92A,-0.4359539747238159
3f15A,2x93A,-0.3698976933956146
3f15A,2x94A,-0.30474385619163513
3f15A,3m67A,-0.18421895802021027
3f15A,3m96A,-0.17249393463134766
3f15A,3s9tA,-0.17373457551002502
3nx7A,2dhfA,-1.1448471546173096
3nx7A,4m6lA,-1.1180399656295776
3nx7A,1bk0A,-1.0507663488388062
3nx7A,1odmA,-1.0353851318359375
3nx7A,1qiqA,-1.004858374595642
3nx7A,1uzwA,-1.0409854650497437
3nx7A,1w05A,-0.9979152679443359
3nx7A,2vbpA,-1.0916295051574707
3nx7A,2y60A,-1.0560635328292847
3nx7A,2y6fA,-0.8687345385551453
3nx7A,1pwmA,-0.6728634238243103
3nx7A,1x97A,-0.7025889754295349
3nx7A,2zc9H,-0.578458309173584
3nx7A,2zdaH,-0.5315364599227905
3nx7A,2zf0H,-0.6062562465667725
3nx7A,2zffH,-0.5136881470680237
3nx7A,3p17H,-0.4941747486591339
3nx7A,3qtoH,-0.4516591727733612
3nx7A,3qtvH,-0.41901692748069763
3nx7A,3si3H,-0.5423839092254639
3nx7A,3si4H,-0.4710715115070343
3nx7A,3sv2H,-0.3250919580459595
3nx7A,1uy6A,-0.7793065309524536
3nx7A,1uycA,-1.1240205764770508
3nx7A,1uydA,-0.7781564593315125
3nx7A,1uyeA,-0.776407778263092
3nx7A,4j0rA,-1.006039023399353
3nx7A,4j0sA,-0.9743235111236572
3nx7A,3choA,-0.6816064715385437
3nx7A,3chpA,-0.7102119326591492
3nx7A,3chqA,-0.6788530945777893
3nx7A,2zsaA,-0.7649264335632324
3nx7A,3af2A,-0.7640055418014526
3nx7A,3af3A,-0.7659058570861816
3nx7A,4butA,-0.47187021374702454
3nx7A,4buuA,-0.5336328744888306
3nx7A,2x92A,-0.45570752024650574
3nx7A,2x93A,-0.39060282707214355
3nx7A,2x94A,-0.3281427025794983
3nx7A,3m67A,-0.1882891207933426
3nx7A,3m96A,-0.15947094559669495
3nx7A,3s9tA,-0.1533760279417038
2zc9H,2dhfA,-1.4365112781524658
2zc9H,4m6lA,-1.394919753074646
2zc9H,1bk0A,-1.3868318796157837
2zc9H,1odmA,-1.3834336996078491
2zc9H,1qiqA,-1.3466112613677979
2zc9H,1uzwA,-1.3822851181030273
2zc9H,1w05A,-1.3270601034164429
2zc9H,2vbpA,-1.4150903224945068
2zc9H,2y60A,-1.3915705680847168
2zc9H,2y6fA,-1.1513222455978394
2zc9H,1pwmA,-0.9223564267158508
2zc9H,1x97A,-0.9434577822685242
2zc9H,1rmzA,-0.6789787411689758
2zc9H,3f15A,-0.5738800168037415
2zc9H,3nx7A,-0.5784565210342407
2zc9H,1uy6A,-1.0496255159378052
2zc9H,1uycA,-1.3547539710998535
2zc9H,1uydA,-1.0533877611160278
2zc9H,1uyeA,-1.0359537601470947
2zc9H,4j0rA,-1.348147988319397
2zc9H,4j0sA,-1.314361572265625
2zc9H,3choA,-0.9765782952308655
2zc9H,3chpA,-1.0150567293167114
2zc9H,3chqA,-0.9894508123397827
2zc9H,2zsaA,-0.9386042356491089
2zc9H,3af2A,-0.937768816947937
2zc9H,3af3A,-0.9394697546958923
2zc9H,4butA,-0.9234613180160522
2zc9H,4buuA,-0.951200008392334
2zc9H,2x92A,-0.7503231167793274
2zc9H,2x93A,-0.7028948664665222
2zc9H,2x94A,-0.6072810888290405
2zc9H,3m67A,-0.743701159954071
2zc9H,3m96A,-0.7098125219345093
2zc9H,3s9tA,-0.6848567724227905
2zdaH,2dhfA,-1.4003779888153076
2zdaH,4m6lA,-1.3589566946029663
2zdaH,1bk0A,-1.347619891166687
2zdaH,1odmA,-1.3435641527175903
2zdaH,1qiqA,-1.306389331817627
2zdaH,1uzwA,-1.3426886796951294
2zdaH,1w05A,-1.2872138023376465
2zdaH,2vbpA,-1.3768105506896973
2zdaH,2y60A,-1.3524301052093506
2zdaH,2y6fA,-1.1117979288101196
2zdaH,1pwmA,-0.8830000758171082
2zdaH,1x97A,-0.9049263596534729
2zdaH,1rmzA,-0.6297089457511902
2zdaH,3f15A,-0.5255848169326782
2zdaH,3nx7A,-0.531534731388092
2zdaH,1uy6A,-1.0103302001953125
2zdaH,1uycA,-1.3211199045181274
2zdaH,1uydA,-1.0138448476791382
2zdaH,1uyeA,-0.9971250295639038
2zdaH,4j0rA,-1.3081729412078857
2zdaH,4j0sA,-1.274005651473999
2zdaH,3choA,-0.9345164895057678
2zdaH,3chpA,-0.9729436635971069
2zdaH,3chqA,-0.9467459321022034
2zdaH,2zsaA,-0.9041383862495422
2zdaH,3af2A,-0.9032807946205139
2zdaH,3af3A,-0.9050300121307373
2zdaH,4butA,-0.8757410645484924
2zdaH,4buuA,-0.9039111733436584
2zdaH,2x92A,-0.7049715518951416
2zdaH,2x93A,-0.6555951237678528
2zdaH,2x94A,-0.557630717754364
2zdaH,3m67A,-0.6951465606689453
2zdaH,3m96A,-0.665026068687439
2zdaH,3s9tA,-0.6423949599266052
2zf0H,2dhfA,-1.46532142162323
2zf0H,4m6lA,-1.4238876104354858
2zf0H,1bk0A,-1.4170000553131104
2zf0H,1odmA,-1.4138718843460083
2zf0H,1qiqA,-1.3774694204330444
2zf0H,1uzwA,-1.4126733541488647
2zf0H,1w05A,-1.3578393459320068
2zf0H,2vbpA,-1.4449279308319092
2zf0H,2y60A,-1.4217196702957153
2zf0H,2y6fA,-1.1822277307510376
2zf0H,1pwmA,-0.9519565105438232
2zf0H,1x97A,-0.972700297832489
2zf0H,1rmzA,-0.7100957036018372
2zf0H,3f15A,-0.6032794117927551
2zf0H,3nx7A,-0.6062543392181396
2zf0H,1uy6A,-1.0797054767608643
2zf0H,1uycA,-1.382767677307129
2zf0H,1uydA,-1.0835907459259033
2zf0H,1uyeA,-1.0658038854599
2zf0H,4j0rA,-1.378656029701233
2zf0H,4j0sA,-1.345151424407959
2zf0H,3choA,-1.0082075595855713
2zf0H,3chpA,-1.0467501878738403
2zf0H,3chqA,-1.0213524103164673
2zf0H,2zsaA,-0.9660417437553406
2zf0H,3af2A,-0.9652183055877686
2zf0H,3af3A,-0.9668921828269958
2zf0H,4butA,-0.9557752013206482
2zf0H,4buuA,-0.9843261241912842
2zf0H,2x92A,-0.7829961180686951
2zf0H,2x93A,-0.7365390658378601
2zf0H,2x94A,-0.6430185437202454
2zf0H,3m67A,-0.7739174962043762
2zf0H,3m96A,-0.7357801795005798
2zf0H,3s9tA,-0.7082624435424805
2zffH,2dhfA,-1.4157640933990479
2zffH,4m6lA,-1.3758600950241089
2zffH,1bk0A,-1.3600401878356934
2zffH,1odmA,-1.3549832105636597
2zffH,1qiqA,-1.3188644647598267
2zffH,1uzwA,-1.3547481298446655
2zffH,1w05A,-1.3008674383163452
2zffH,2vbpA,-1.3900258541107178
2zffH,2y60A,-1.364857792854309
2zffH,2y6fA,-1.1288678646087646
2zffH,1pwmA,-0.898463249206543
2zffH,1x97A,-0.9211381077766418
2zffH,1rmzA,-0.6216076612472534
2zffH,3f15A,-0.5102238655090332
2zffH,3nx7A,-0.5136864185333252
2zffH,1uy6A,-1.0266153812408447
2zffH,1uycA,-1.341148018836975
2zffH,1uydA,-1.029891014099121
2zffH,1uyeA,-1.0138916969299316
2zffH,4j0rA,-1.3204289674758911
2zffH,4j0sA,-1.286717176437378
2zffH,3choA,-0.9491966962814331
2zffH,3chpA,-0.9874320030212402
2zffH,3chqA,-0.9606034755706787
2zffH,2zsaA,-0.9239984750747681
2zffH,3af2A,-0.9231296181678772
2zffH,3af3A,-0.9249013066291809
2zffH,4butA,-0.8775747418403625
2zffH,4buuA,-0.9096181392669678
2zffH,2x92A,-0.7157410383224487
2zffH,2x93A,-0.6644444465637207
2zffH,2x94A,-0.5669234991073608
2zffH,3m67A,-0.6830465197563171
2zffH,3m96A,-0.6447226405143738
2zffH,3s9tA,-0.6184189915657043
3p17H,2dhfA,-1.4385603666305542
3p17H,4m6lA,-1.400741696357727
3p17H,1bk0A,-1.378981113433838
3p17H,1odmA,-1.3726587295532227
3p17H,1qiqA,-1.3380472660064697
3p17H,1uzwA,-1.3732812404632568
3p17H,1w05A,-1.3215882778167725
3p17H,2vbpA,-1.410091757774353
3p17H,2y60A,-1.3838282823562622
3p17H,2y6fA,-1.1542760133743286
3p17H,1pwmA,-0.9216229915618896
3p17H,1x97A,-0.9451842308044434
3p17H,1rmzA,-0.6149165630340576
3p17H,3f15A,-0.49494609236717224
3p17H,3nx7A,-0.4941731095314026
3p17H,1uy6A,-1.0507112741470337
3p17H,1uycA,-1.3701748847961426
3p17H,1uydA,-1.0536739826202393
3p17H,1uyeA,-1.0386409759521484
3p17H,4j0rA,-1.3391152620315552
3p17H,4j0sA,-1.3060518503189087
3p17H,3choA,-0.9717012643814087
3p17H,3chpA,-1.0095824003219604
3p17H,3chqA,-0.9819992184638977
3p17H,2zsaA,-0.9528738856315613
3p17H,3af2A,-0.9519947171211243
3p17H,3af3A,-0.9537861943244934
3p17H,4butA,-0.8827728033065796
3p17H,4buuA,-0.9203317761421204
3p17H,2x92A,-0.7343397736549377
3p17H,2x93A,-0.6812129020690918
3p17H,2x94A,-0.58632892370224
3p17H,3m67A,-0.6704734563827515
3p17H,3m96A,-0.6200331449508667
3p17H,3s9tA,-0.587810218334198
3qtoH,2dhfA,-1.3470121622085571
3qtoH,4m6lA,-1.3081079721450806
3qtoH,1bk0A,-1.2869844436645508
3qtoH,1odmA,-1.2806445360183716
3qtoH,1qiqA,-1.2444725036621094
3qtoH,1uzwA,-1.2808829545974731
3qtoH,1w05A,-1.22772216796875
3qtoH,2vbpA,-1.3176051378250122
3qtoH,2y60A,-1.291732907295227
3qtoH,2y6fA,-1.0605902671813965
3qtoH,1pwmA,-0.8393237590789795
3qtoH,1x97A,-0.8628876805305481
3qtoH,1rmzA,-0.5509546399116516
3qtoH,3f15A,-0.4436035752296448
3qtoH,3nx7A,-0.45165762305259705
3qtoH,1uy6A,-0.9631664156913757
3qtoH,1uycA,-1.2782021760940552
3qtoH,1uydA,-0.9658809900283813
3qtoH,1uyeA,-0.951645016670227
3qtoH,4j0rA,-1.2471873760223389
3qtoH,4j0sA,-1.2135448455810547
3qtoH,3choA,-0.8816918730735779
3qtoH,3chpA,-0.9187673330307007
3qtoH,3chqA,-0.8915833830833435
3qtoH,2zsaA,-0.8725327849388123
3qtoH,3af2A,-0.8716439604759216
3qtoH,3af3A,-0.873464047908783
3qtoH,4butA,-0.8029496669769287
3qtoH,4buuA,-0.8334512114524841
3qtoH,2x92A,-0.6485103964805603
3qtoH,2x93A,-0.5939227342605591
3qtoH,2x94A,-0.4910045564174652
3qtoH,3m67A,-0.6104061603546143
3qtoH,3m96A,-0.5825338959693909
3qtoH,3s9tA,-0.5640878081321716
3qtvH,2dhfA,-1.3643962144851685
3qtvH,4m6lA,-1.327005386352539
3qtvH,1bk0A,-1.3005962371826172
3qtvH,1odmA,-1.2931764125823975
3qtvH,1qiqA,-1.2580400705337524
3qtvH,1uzwA,-1.294153094291687
3qtvH,1w05A,-1.242428183555603
3qtvH,2vbpA,-1.332520842552185
3qtvH,2y60A,-1.3054314851760864
3qtvH,2y6fA,-1.0779107809066772
3qtvH,1pwmA,-0.8520512580871582
3qtvH,1x97A,-0.8766259551048279
3qtvH,1rmzA,-0.532648503780365
3qtvH,3f15A,-0.41488468647003174
3qtvH,3nx7A,-0.41901543736457825
3qtvH,1uy6A,-0.9780853986740112
3qtvH,1uycA,-1.3004484176635742
3qtvH,1uydA,-0.980554461479187
3qtvH,1uyeA,-0.9670321345329285
3qtvH,4j0rA,-1.2601743936538696
3qtvH,4j0sA,-1.2268058061599731
3qtvH,3choA,-0.8946915864944458
3qtvH,3chpA,-0.9318118691444397
3qtvH,3chqA,-0.9036979079246521
3qtvH,2zsaA,-0.8907437324523926
3qtvH,3af2A,-0.8898388147354126
3qtvH,3af3A,-0.8916903138160706
3qtvH,4butA,-0.799340546131134
3qtvH,4buuA,-0.8354476690292358
3qtvH,2x92A,-0.6555254459381104
3qtvH,2x93A,-0.5987651348114014
3qtvH,2x94A,-0.49765801429748535
3qtvH,3m67A,-0.5883966088294983
3qtvH,3m96A,-0.549159824848175
3qtvH,3s9tA,-0.5248958468437195
3si3H,2dhfA,-1.4107673168182373
3si3H,4m6lA,-1.3690119981765747
3si3H,1bk0A,-1.3589063882827759
3si3H,1odmA,-1.3551703691482544
3si3H,1qiqA,-1.3178828954696655
3si3H,1uzwA,-1.3541617393493652
3si3H,1w05A,-1.2983524799346924
3si3H,2vbpA,-1.3880119323730469
3si3H,2y60A,-1.3637455701828003
3si3H,2y6fA,-1.1215959787368774
3si3H,1pwmA,-0.8908982276916504
3si3H,1x97A,-0.9126334190368652
3si3H,1rmzA,-0.6411628127098083
3si3H,3f15A,-0.5370979309082031
3si3H,3nx7A,-0.5423821806907654
3si3H,1uy6A,-1.019080400466919
3si3H,1uycA,-1.3300743103027344
3si3H,1uydA,-1.022712230682373
3si3H,1uyeA,-1.0056250095367432
3si3H,4j0rA,-1.3194091320037842
3si3H,4j0sA,-1.2851423025131226
3si3H,3choA,-0.9441021084785461
3si3H,3chpA,-0.9827747344970703
3si3H,3chqA,-0.9566553235054016
3si3H,2zsaA,-0.9105010032653809
3si3H,3af2A,-0.9096476435661316
3si3H,3af3A,-0.9113866686820984
3si3H,4butA,-0.8872489929199219
3si3H,4buuA,-0.9155575037002563
3si3H,2x92A,-0.7146885395050049
3si3H,2x93A,-0.6660722494125366
3si3H,2x94A,-0.5693172812461853
3si3H,3m67A,-0.7074663639068604
3si3H,3m96A,-0.6762425303459167
3si3H,3s9tA,-0.6524665951728821
3si4H,2dhfA,-1.4185190200805664
3si4H,4m6lA,-1.3813295364379883
3si4H,1bk0A,-1.3572468757629395
3si4H,1odmA,-1.350298523902893
3si4H,1qiqA,-1.3159013986587524
3si4H,1uzwA,-1.3511768579483032
3si4H,1w05A,-1.3001362085342407
3si4H,2vbpA,-1.3884925842285156
3si4H,2y60A,-1.3620322942733765
3si4H,2y6fA,-1.1354089975357056
3si4H,1pwmA,-0.9064499139785767
3si4H,1x97A,-0.9303742051124573
3si4H,1rmzA,-0.5917798280715942
3si4H,3f15A,-0.4704805910587311
3si4H,3nx7A,-0.47106993198394775
3si4H,1uy6A,-1.0339165925979614
3si4H,1uycA,-1.3528181314468384
3si4H,1uydA,-1.0366581678390503
3si4H,1uyeA,-1.022315263748169
3si4H,4j0rA,-1.3175017833709717
3si4H,4j0sA,-1.2846354246139526
3si4H,3choA,-0.9532684683799744
3si4H,3chpA,-0.9906874299049377
3si4H,3chqA,-0.9629491567611694
3si4H,2zsaA,-0.9405128359794617
3si4H,3af2A,-0.9396256804466248
3si4H,3af3A,-0.9414364695549011
3si4H,4butA,-0.8604860901832581
3si4H,4buuA,-0.8978153467178345
3si4H,2x92A,-0.7154794335365295
3si4H,2x93A,-0.660740852355957
3si4H,2x94A,-0.5632257461547852
3si4H,3m67A,-0.6454755067825317
3si4H,3m96A,-0.5968096852302551
3si4H,3s9tA,-0.5668367147445679
3sv2H,2dhfA,-1.3147035837173462
3sv2H,4m6lA,-1.2802985906600952
3sv2H,1bk0A,-1.2427256107330322
3sv2H,1odmA,-1.2328466176986694
3sv2H,1qiqA,-1.1990885734558105
3sv2H,1uzwA,-1.235137939453125
3sv2H,1w05A,-1.1861441135406494
3sv2H,2vbpA,-1.2765979766845703
3sv2H,2y60A,-1.2475663423538208
3sv2H,2y6fA,-1.0310685634613037
3sv2H,1pwmA,-0.8121308088302612
3sv2H,1x97A,-0.8384120464324951
3sv2H,1rmzA,-0.44618314504623413
3sv2H,3f15A,-0.3206934928894043
3sv2H,3nx7A,-0.3250906765460968
3sv2H,1uy6A,-0.9344728589057922
3sv2H,1uycA,-1.262542486190796
3sv2H,1uydA,-0.9360466003417969
3sv2H,1uyeA,-0.9253469109535217
3sv2H,4j0rA,-1.201650619506836
3sv2H,4j0sA,-1.168907880783081
3sv2H,3choA,-0.845792293548584
3sv2H,3chpA,-0.8812444806098938
3sv2H,3chqA,-0.8520287871360779
3sv2H,2zsaA,-0.8644379377365112
3sv2H,3af2A,-0.8635095357894897
3sv2H,3af3A,-0.8654147982597351
3sv2H,4butA,-0.7237076163291931
3sv2H,4buuA,-0.7647251486778259
3sv2H,2x92A,-0.6039946675300598
3sv2H,2x93A,-0.5422258377075195
3sv2H,2x94A,-0.4404453635215759
3sv2H,3m67A,-0.4937812387943268
3sv2H,3m96A,-0.4525955021381378
3sv2H,3s9tA,-0.4305097460746765
1uy6A,2dhfA,-0.5495148301124573
1uy6A,4m6lA,-0.48079946637153625
1uy6A,1bk0A,-0.5174155235290527
1uy6A,1odmA,-0.5349022150039673
1uy6A,1qiqA,-0.4716257154941559
1uy6A,1uzwA,-0.5223316550254822
1uy6A,1w05A,-0.42254528403282166
1uy6A,2vbpA,-0.5519780516624451
1uy6A,2y60A,-0.525669515132904
1uy6A,2y6fA,-0.14818833768367767
1uy6A,1pwmA,-0.15824685990810394
1uy6A,1x97A,-0.13824822008609772
1uy6A,1rmzA,-0.629202663898468
1uy6A,3f15A,-0.7617325782775879
1uy6A,3nx7A,-0.779305100440979
1uy6A,2zc9H,-1.0496253967285156
1uy6A,2zdaH,-1.0103299617767334
1uy6A,2zf0H,-1.0797054767608643
1uy6A,2zffH,-1.0266151428222656
1uy6A,3p17H,-1.050710916519165
1uy6A,3qtoH,-0.9631659984588623
1uy6A,3qtvH,-0.978084921836853
1uy6A,3si3H,-1.0190802812576294
1uy6A,3si4H,-1.0339162349700928
1uy6A,3sv2H,-0.9344721436500549
1uy6A,4j0rA,-0.46182048320770264
1uy6A,4j0sA,-0.4097515046596527
1uy6A,3choA,-0.10594844073057175
1uy6A,3chpA,-0.0880718007683754
1uy6A,3chqA,-0.11487932503223419
1uy6A,2zsaA,-0.20175841450691223
1uy6A,3af2A,-0.20204126834869385
1uy6A,3af3A,-0.20152461528778076
1uy6A,4butA,-0.39258792996406555
1uy6A,4buuA,-0.32322385907173157
1uy6A,2x92A,-0.3627757728099823
1uy6A,2x93A,-0.42687538266181946
1uy6A,2x94A,-0.5234644412994385
1uy6A,3m67A,-0.6946285963058472
1uy6A,3m96A,-0.8154994249343872
1uy6A,3s9tA,-0.8524855971336365
1uycA,2dhfA,-0.23141780495643616
1uycA,4m6lA,-0.1485435664653778
1uycA,1bk0A,-0.3190406262874603
1uycA,1odmA,-0.3617083430290222
1uycA,1qiqA,-0.3186526894569397
1uycA,1uzwA,-0.33757269382476807
1uycA,1w05A,-0.2695135772228241
1uycA,2vbpA,-0.3114841878414154
1uycA,2y60A,-0.32293984293937683
1uycA,2y6fA,-0.2990260422229767
1uycA,1pwmA,-0.5746145844459534
1uycA,1x97A,-0.5501506328582764
1uycA,1rmzA,-0.9848383665084839
1uycA,3f15A,-1.1075196266174316
1uycA,3nx7A,-1.124018669128418
1uycA,2zc9H,-1.3547532558441162
1uycA,2zdaH,-1.3211190700531006
1uycA,2zf0H,-1.3827670812606812
1uycA,2zffH,-1.3411471843719482
1uycA,3p17H,-1.3701740503311157
1uycA,3qtoH,-1.2782011032104492
1uycA,3qtvH,-1.3004473447799683
1uycA,3si3H,-1.330073595046997
1uycA,3si4H,-1.3528170585632324
1uycA,3sv2H,-1.2625411748886108
1uycA,4j0rA,-0.3090043067932129
1uycA,4j0sA,-0.29287663102149963
1uycA,3choA,-0.5151071548461914
1uycA,3chpA,-0.4768759310245514
1uycA,3chqA,-0.5096181631088257
1uycA,2zsaA,-0.5576531291007996
1uycA,3af2A,-0.5584489703178406
1uycA,3af3A,-0.556861400604248
1uycA,4butA,-0.7238584756851196
1uycA,4buuA,-0.6535374522209167
1uycA,2x92A,-0.7639269232749939
1uycA,2x93A,-0.8191264867782593
1uycA,2x94A,-0.9011874794960022
1uycA,3m67A,-1.0180009603500366
1uycA,3m96A,-1.130099892616272
1uycA,3s9tA,-1.170667052268982
1uydA,2dhfA,-0.5430899858474731
1uydA,4m6lA,-0.47514379024505615
1uydA,1bk0A,-0.5091748833656311
1uydA,1odmA,-0.5262635946273804
1uydA,1qiqA,-0.4630421996116638
1uydA,1uzwA,-0.5138900876045227
1uydA,1w05A,-0.41434115171432495
1uydA,2vbpA,-0.5441948771476746
1uydA,2y60A,-0.5174509882926941
1uydA,2y6fA,-0.1418740451335907
1uydA,1pwmA,-0.16404969990253448
1uydA,1x97A,-0.14537227153778076
1uydA,1rmzA,-0.6273686289787292
1uydA,3f15A,-0.7606435418128967
1uydA,3nx7A,-0.7781550288200378
1uydA,2zc9H,-1.0533877611160278
1uydA,2zdaH,-1.013844609260559
1uydA,2zf0H,-1.0835907459259033
1uydA,2zffH,-1.029890775680542
1uydA,3p17H,-1.0536736249923706
1uydA,3qtoH,-0.9658805727958679
1uydA,3qtvH,-0.980553925037384
1uydA,3si3H,-1.022711992263794
1uydA,3si4H,-1.036657691001892
1uydA,3sv2H,-0.9360458254814148
1uydA,4j0rA,-0.4532797932624817
1uydA,4j0sA,-0.4011301100254059
1uydA,3choA,-0.10469383746385574
1uydA,3chpA,-0.08238328993320465
1uydA,3chqA,-0.11088494211435318
1uydA,2zsaA,-0.21160317957401276
1uydA,3af2A,-0.21187105774879456
1uydA,3af3A,-0.21138493716716766
1uydA,4butA,-0.38705283403396606
1uydA,4buuA,-0.31710970401763916
1uydA,2x92A,-0.36447447538375854
1uydA,2x93A,-0.4279693067073822
1uydA,2x94A,-0.5248568058013916
1uydA,3m67A,-0.6911957859992981
1uydA,3m96A,-0.8124393820762634
1uydA,3s9tA,-0.8498590588569641
1uyeA,2dhfA,-0.5693696737289429
1uyeA,4m6lA,-0.49940288066864014
1uyeA,1bk0A,-0.5401611924171448
1uyeA,1odmA,-0.5580912232398987
1uyeA,1qiqA,-0.4948417544364929
1uyeA,1uzwA,-0.5453031659126282
1uyeA,1w05A,-0.445372998714447
1uyeA,2vbpA,-0.5739730596542358
1uyeA,2y60A,-0.5483599305152893
1uyeA,2y6fA,-0.1686798483133316
1uyeA,1pwmA,-0.14079272747039795
1uyeA,1x97A,-0.11808841675519943
1uyeA,1rmzA,-0.6279689073562622
1uyeA,3f15A,-0.7586697936058044
1uyeA,3nx7A,-0.7764062881469727
1uyeA,2zc9H,-1.0359536409378052
1uyeA,2zdaH,-0.9971247911453247
1uyeA,2zf0H,-1.0658038854599
1uyeA,2zffH,-1.0138914585113525
1uyeA,3p17H,-1.0386407375335693
1uyeA,3qtoH,-0.9516445398330688
1uyeA,3qtvH,-0.9670315384864807
1uyeA,3si3H,-1.005624771118164
1uyeA,3si4H,-1.0223149061203003
1uyeA,3sv2H,-0.9253460764884949
1uyeA,4j0rA,-0.48509207367897034
1uyeA,4j0sA,-0.43321219086647034
1uyeA,3choA,-0.10656221210956573
1uyeA,3chpA,-0.09992319345474243
1uyeA,3chqA,-0.12175969034433365
1uyeA,2zsaA,-0.17678479850292206
1uyeA,3af2A,-0.17707380652427673
1uyeA,3af3A,-0.17654553055763245
1uyeA,4butA,-0.40113475918769836
1uyeA,4buuA,-0.33342665433883667
1uyeA,2x92A,-0.35342782735824585
1uyeA,2x93A,-0.41879454255104065
1uyeA,2x94A,-0.5146119594573975
1uyeA,3m67A,-0.6974034905433655
1uyeA,3m96A,-0.8173859119415283
1uyeA,3s9tA,-0.8533208966255188
4j0rA,2dhfA,-0.17550134658813477
4j0rA,4m6lA,-0.18817642331123352
4j0rA,1bk0A,-0.06124310940504074
4j0rA,1odmA,-0.07862242311239243
4j0rA,1qiqA,-0.022428469732403755
4j0rA,1uzwA,-0.06387349218130112
4j0rA,1w05A,-0.0506470687687397
4j0rA,2vbpA,-0.10914087295532227
4j0rA,2y60A,-0.06988368928432465
4j0rA,2y6fA,-0.3286466598510742
4j0rA,1pwmA,-0.6024764180183411
4j0rA,1x97A,-0.5908775329589844
4j0rA,1rmzA,-0.8647202849388123
4j0rA,3f15A,-0.9922487735748291
4j0rA,3nx7A,-1.0060378313064575
4j0rA,2zc9H,-1.3481477499008179
4j0rA,2zdaH,-1.308172583580017
4j0rA,2zf0H,-1.3786559104919434
4j0rA,2zffH,-1.320428729057312
4j0rA,3p17H,-1.3391149044036865
4j0rA,3qtoH,-1.2471868991851807
4j0rA,3qtvH,-1.2601739168167114
4j0rA,3si3H,-1.319408893585205
4j0rA,3si4H,-1.3175013065338135
4j0rA,3sv2H,-1.201649785041809
4j0rA,1uy6A,-0.46182015538215637
4j0rA,1uycA,-0.3090066909790039
4j0rA,1uydA,-0.45327943563461304
4j0rA,1uyeA,-0.48509180545806885
4j0rA,3choA,-0.5052927732467651
4j0rA,3chpA,-0.4587599039077759
4j0rA,3chqA,-0.4832476079463959
4j0rA,2zsaA,-0.6506443619728088
4j0rA,3af2A,-0.6510606408119202
4j0rA,3af3A,-0.650264322757721
4j0rA,4butA,-0.5809909701347351
4j0rA,4buuA,-0.5238785147666931
4j0rA,2x92A,-0.7289454936981201
4j0rA,2x93A,-0.7693715691566467
4j0rA,2x94A,-0.8506373763084412
4j0rA,3m67A,-0.8626272678375244
4j0rA,3m96A,-0.972134530544281
4j0rA,3s9tA,-1.0186978578567505
4j0sA,2dhfA,-0.2042427808046341
4j0sA,4m6lA,-0.19378440082073212
4j0sA,1bk0A,-0.1129777580499649
4j0sA,1odmA,-0.1299678087234497
4j0sA,1qiqA,-0.06572301685810089
4j0sA,1uzwA,-0.1164027601480484
4j0sA,1w05A,-0.03361988067626953
4j0sA,2vbpA,-0.15689681470394135
4j0sA,2y60A,-0.12165258824825287
4j0sA,2y6fA,-0.277031809091568
4j0sA,1pwmA,-0.5514503717422485
4j0sA,1x97A,-0.5396353006362915
4j0sA,1rmzA,-0.8299399018287659
4j0sA,3f15A,-0.9599763751029968
4j0sA,3nx7A,-0.9743221998214722
4j0sA,2zc9H,-1.3143614530563354
4j0sA,2zdaH,-1.27400541305542
4j0sA,2zf0H,-1.345151424407959
4j0sA,2zffH,-1.2867168188095093
4j0sA,3p17H,-1.30605149269104
4j0sA,3qtoH,-1.2135443687438965
4j0sA,3qtvH,-1.226805329322815
4j0sA,3si3H,-1.2851420640945435
4j0sA,3si4H,-1.284635066986084
4j0sA,3sv2H,-1.1689071655273438
4j0sA,1uy6A,-0.4097512662410736
4j0sA,1uycA,-0.29287928342819214
4j0sA,1uydA,-0.401129812002182
4j0sA,1uyeA,-0.4332119822502136
4j0sA,3choA,-0.4540851414203644
4j0sA,3chpA,-0.40720048546791077
4j0sA,3chqA,-0.4323153793811798
4j0sA,2zsaA,-0.6003687977790833
4j0sA,3af2A,-0.6007784605026245
4j0sA,3af3A,-0.5999965071678162
4j0sA,4butA,-0.5431742668151855
4j0sA,4buuA,-0.48286497592926025
4j0sA,2x92A,-0.6825349926948547
4j0sA,2x93A,-0.7249635457992554
4j0sA,2x94A,-0.8084560036659241
4j0sA,3m67A,-0.833919882774353
4j0sA,3m96A,-0.9465477466583252
4j0sA,3s9tA,-0.992944598197937
3choA,2dhfA,-0.6143101453781128
3choA,4m6lA,-0.5532853603363037
3choA,1bk0A,-0.5626513957977295
3choA,1odmA,-0.5726673007011414
3choA,1qiqA,-0.5124114751815796
3choA,1uzwA,-0.5638459920883179
3choA,1w05A,-0.47121044993400574
3choA,2vbpA,-0.6014924645423889
3choA,2y60A,-0.570740282535553
3choA,2y6fA,-0.22396717965602875
3choA,1pwmA,-0.11135287582874298
3choA,1x97A,-0.11445486545562744
3choA,1rmzA,-0.5290358066558838
3choA,3f15A,-0.6633726954460144
3choA,3nx7A,-0.6816052198410034
3choA,2zc9H,-0.9765784740447998
3choA,2zdaH,-0.9345165491104126
3choA,2zf0H,-1.00820791721344
3choA,2zffH,-0.9491967558860779
3choA,3p17H,-0.9717012047767639
3choA,3qtoH,-0.8816916346549988
3choA,3qtvH,-0.8946912884712219
3choA,3si3H,-0.9441022276878357
3choA,3si4H,-0.9532683491706848
3choA,3sv2H,-0.845791757106781
3choA,1uy6A,-0.10595087707042694
3choA,1uycA,-0.5151093602180481
3choA,1uydA,-0.10469613969326019
3choA,1uyeA,-0.10656484216451645
3choA,4j0rA,-0.5052935481071472
3choA,4j0sA,-0.45408594608306885
3choA,2zsaA,-0.21488116681575775
3choA,3af2A,-0.21463748812675476
3choA,3af3A,-0.21520060300827026
3choA,4butA,-0.30307236313819885
3choA,4buuA,-0.23651383817195892
3choA,2x92A,-0.2659688889980316
3choA,2x93A,-0.32772982120513916
3choA,2x94A,-0.42633408308029175
3choA,3m67A,-0.5975421071052551
3choA,3m96A,-0.7204538583755493
3choA,3s9tA,-0.758109986782074
3chpA,2dhfA,-0.5694218277931213
3chpA,4m6lA,-0.5093016028404236
3chpA,1bk0A,-0.5165274739265442
3chpA,1odmA,-0.5269887447357178
3chpA,1qiqA,-0.466172993183136
3chpA,1uzwA,-0.5179021954536438
3chpA,1w05A,-0.42452627420425415
3chpA,2vbpA,-0.5557153820991516
3chpA,2y60A,-0.5246989727020264
3chpA,2y6fA,-0.18195492029190063
3chpA,1pwmA,-0.15419775247573853
3chpA,1x97A,-0.1512414813041687
3chpA,1rmzA,-0.5559300780296326
3chpA,3f15A,-0.6923361420631409
3chpA,3nx7A,-0.7102106809616089
3chpA,2zc9H,-1.015056848526001
3chpA,2zdaH,-0.9729436635971069
3chpA,2zf0H,-1.0467503070831299
3chpA,2zffH,-0.9874320030212402
3chpA,3p17H,-1.009582281112671
3chpA,3qtoH,-0.9187671542167664
3chpA,3qtvH,-0.9318115711212158
3chpA,3si3H,-0.9827747941017151
3chpA,3si4H,-0.9906873106956482
3chpA,3sv2H,-0.8812439441680908
3chpA,1uy6A,-0.08807447552680969
3chpA,1uycA,-0.47687828540802
3chpA,1uydA,-0.08238595724105835
3chpA,1uyeA,-0.09992577880620956
3chpA,4j0rA,-0.4587607681751251
3chpA,4j0sA,-0.4072013199329376
3chpA,2zsaA,-0.24475137889385223
3chpA,3af2A,-0.24467702209949493
3chpA,3af3A,-0.24489477276802063
3chpA,4butA,-0.3095817267894745
3chpA,4buuA,-0.23795311152935028
3chpA,2x92A,-0.3083937168121338
3chpA,2x93A,-0.36746031045913696
3chpA,2x94A,-0.46534645557403564
3chpA,3m67A,-0.6162821054458618
3chpA,3m96A,-0.7402164340019226
3chpA,3s9tA,-0.7796248197555542
3chqA,2dhfA,-0.5982194542884827
3chqA,4m6lA,-0.5398920774459839
3chqA,1bk0A,-0.5411421060562134
3chqA,1odmA,-0.5496440529823303
3chqA,1qiqA,-0.4900978207588196
3chqA,1uzwA,-0.5416085124015808
3chqA,1w05A,-0.45070335268974304
3chqA,2vbpA,-0.5812272429466248
3chqA,2y60A,-0.549240231513977
3chqA,2y6fA,-0.2153841257095337
3chqA,1pwmA,-0.14013752341270447
3chqA,1x97A,-0.14413020014762878
3chqA,1rmzA,-0.5240899324417114
3chqA,3f15A,-0.6608906388282776
3chqA,3nx7A,-0.678851842880249
3chqA,2zc9H,-0.9894510507583618
3chqA,2zdaH,-0.9467460513114929
3chqA,2zf0H,-1.0213526487350464
3chqA,2zffH,-0.9606035351753235
3chqA,3p17H,-0.9819992184638977
3chqA,3qtoH,-0.891583263874054
3chqA,3qtvH,-0.903697669506073
3chqA,3si3H,-0.9566554427146912
3chqA,3si4H,-0.9629490971565247
3chqA,3sv2H,-0.8520283102989197
3chqA,1uy6A,-0.11488194018602371
3chqA,1uycA,-0.5096204876899719
3chqA,1uydA,-0.11088750511407852
3chqA,1uyeA,-0.12176234275102615
3chqA,4j0rA,-0.4832485616207123
3chqA,4j0sA,-0.43231630325317383
3chqA,2zsaA,-0.24485419690608978
3chqA,3af2A,-0.24463734030723572
3chqA,3af3A,-0.24514496326446533
3chqA,4butA,-0.28396788239479065
3chqA,4buuA,-0.214451864361763
3chqA,2x92A,-0.2760906517505646
3chqA,2x93A,-0.3347131013870239
3chqA,2x94A,-0.4336440861225128
3chqA,3m67A,-0.5869405269622803
3chqA,3m96A,-0.7111178636550903
3chqA,3s9tA,-0.7501977682113647
2zsaA,2dhfA,-0.717375636100769
2zsaA,4m6lA,-0.6429072022438049
2zsaA,1bk0A,-0.702513575553894
2zsaA,1odmA,-0.7220630645751953
2zsaA,1qiqA,-0.6599357724189758
2zsaA,1uzwA,-0.7085477709770203
2zsaA,1w05A,-0.6096790432929993
2zsaA,2vbpA,-0.7322800755500793
2zsaA,2y60A,-0.7103221416473389
2zsaA,2y6fA,-0.33242669701576233
2zsaA,1pwmA,-0.12989044189453125
2zsaA,1x97A,-0.10933194309473038
2zsaA,1rmzA,-0.6346763968467712
2zsaA,3f15A,-0.746759831905365
2zsaA,3nx7A,-0.7649247050285339
2zsaA,2zc9H,-0.9386038780212402
2zsaA,2zdaH,-0.9041379690170288
2zsaA,2zf0H,-0.9660415053367615
2zsaA,2zffH,-0.9239979386329651
2zsaA,3p17H,-0.9528733491897583
2zsaA,3qtoH,-0.8725320100784302
2zsaA,3qtvH,-0.8907429575920105
2zsaA,3si3H,-0.9105005860328674
2zsaA,3si4H,-0.9405122399330139
2zsaA,3sv2H,-0.86443692445755
2zsaA,1uy6A,-0.20175741612911224
2zsaA,1uycA,-0.5576543211936951
2zsaA,1uydA,-0.21160215139389038
2zsaA,1uyeA,-0.17678378522396088
2zsaA,4j0rA,-0.6506442427635193
2zsaA,4j0sA,-0.6003686785697937
2zsaA,3choA,-0.21487903594970703
2zsaA,3chpA,-0.24474959075450897
2zsaA,3chqA,-0.24485215544700623
2zsaA,4butA,-0.48521390557289124
2zsaA,4buuA,-0.4326569736003876
2zsaA,2x92A,-0.32633262872695923
2zsaA,2x93A,-0.39267101883888245
2zsaA,2x94A,-0.4740298092365265
2zsaA,3m67A,-0.7282508611679077
2zsaA,3m96A,-0.8377405405044556
2zsaA,3s9tA,-0.8652427196502686
3af2A,2dhfA,-0.7179824709892273
3af2A,4m6lA,-0.6435630917549133
3af2A,1bk0A,-0.7029558420181274
3af2A,1odmA,-0.7224515676498413
3af2A,1qiqA,-0.6603357791900635
3af2A,1uzwA,-0.7089627981185913
3af2A,1w05A,-0.6101258993148804
3af2A,2vbpA,-0.732763409614563
3af2A,2y60A,-0.7107649445533752
3af2A,2y6fA,-0.3329044282436371
3af2A,1pwmA,-0.12930208444595337
3af2A,1x97A,-0.10892945528030396
3af2A,1rmzA,-0.633782684803009
3af2A,3f15A,-0.7458342909812927
3af2A,3nx7A,-0.7640038132667542
3af2A,2zc9H,-0.9377685189247131
3af2A,2zdaH,-0.9032803773880005
3af2A,2zf0H,-0.9652181267738342
3af2A,2zffH,-0.923129141330719
3af2A,3p17H,-0.9519941806793213
3af2A,3qtoH,-0.8716432452201843
3af2A,3qtvH,-0.8898380398750305
3af2A,3si3H,-0.9096472263336182
3af2A,3si4H,-0.9396250247955322
3af2A,3sv2H,-0.8635084629058838
3af2A,1uy6A,-0.20204028487205505
3af2A,1uycA,-0.5584502220153809
3af2A,1uydA,-0.21187004446983337
3af2A,1uyeA,-0.17707280814647675
3af2A,4j0rA,-0.6510605812072754
3af2A,4j0sA,-0.600778341293335
3af2A,3choA,-0.21463537216186523
3af2A,3chpA,-0.24467523396015167
3af2A,3chqA,-0.24463529884815216
3af2A,4butA,-0.4846280813217163
3af2A,4buuA,-0.43215787410736084
3af2A,2x92A,-0.3253748416900635
3af2A,2x93A,-0.39170417189598083
3af2A,2x94A,-0.4730435907840729
3af2A,3m67A,-0.7274306416511536
3af2A,3m96A,-0.8369043469429016
3af2A,3s9tA,-0.8643922805786133
3af3A,2dhfA,-0.7167896628379822
3af3A,4m6lA,-0.6422690153121948
3af3A,1bk0A,-0.7021055221557617
3af3A,1odmA,-0.721712589263916
3af3A,1qiqA,-0.6595740914344788
3af3A,1uzwA,-0.7081691026687622
3af3A,1w05A,-0.6092677116394043
3af3A,2vbpA,-0.7318280339241028
3af3A,2y60A,-0.7099135518074036
3af3A,2y6fA,-0.3319862484931946
3af3A,1pwmA,-0.13055533170700073
3af3A,1x97A,-0.10981077700853348
3af3A,1rmzA,-0.6356344819068909
3af3A,3f15A,-0.7477453351020813
3af3A,3nx7A,-0.7659040689468384
3af3A,2zc9H,-0.9394694566726685
3af3A,2zdaH,-0.9050295352935791
3af3A,2zf0H,-0.9668920040130615
3af3A,2zffH,-0.9249007701873779
3af3A,3p17H,-0.9537855982780457
3af3A,3qtoH,-0.8734633326530457
3af3A,3qtvH,-0.8916894793510437
3af3A,3si3H,-0.911386251449585
3af3A,3si4H,-0.9414358735084534
3af3A,3sv2H,-0.8654136657714844
3af3A,1uy6A,-0.2015235871076584
3af3A,1uycA,-0.5568625926971436
3af3A,1uydA,-0.2113838940858841
3af3A,1uyeA,-0.17654450237751007
3af3A,4j0rA,-0.6502642035484314
3af3A,4j0sA,-0.5999963879585266
3af3A,3choA,-0.21519845724105835
3af3A,3chpA,-0.24489298462867737
3af3A,3chqA,-0.24514290690422058
3af3A,4butA,-0.48587119579315186
3af3A,4buuA,-0.43323031067848206
3af3A,2x92A,-0.32735881209373474
3af3A,2x93A,-0.3937051594257355
3af3A,2x94A,-0.475080668926239
3af3A,3m67A,-0.7291379570960999
3af3A,3m96A,-0.8386386632919312
3af3A,3s9tA,-0.8661518096923828
4butA,2dhfA,-0.7356902956962585
4butA,4m6lA,-0.7053961753845215
4butA,1bk0A,-0.6344044804573059
4butA,1odmA,-0.6227056384086609
4butA,1qiqA,-0.5830612182617188
4butA,1uzwA,-0.6260579824447632
4butA,1w05A,-0.5707739591598511
4butA,2vbpA,-0.6814616322517395
4butA,2y60A,-0.6411656737327576
4butA,2y6fA,-0.4520312547683716
4butA,1pwmA,-0.3586217761039734
4butA,1x97A,-0.38186123967170715
4butA,1rmzA,-0.3101213872432709
4butA,3f15A,-0.4582677185535431
4butA,3nx7A,-0.47186967730522156
4butA,2zc9H,-0.9234621524810791
4butA,2zdaH,-0.8757418394088745
4butA,2zf0H,-0.9557760953903198
4butA,2zffH,-0.8775754570960999
4butA,3p17H,-0.8827734589576721
4butA,3qtoH,-0.8029502034187317
4butA,3qtvH,-0.7993409633636475
4butA,3si3H,-0.887249767780304
4butA,3si4H,-0.860486626625061
4butA,3sv2H,-0.7237077951431274
4butA,1uy6A,-0.39259016513824463
4butA,1uycA,-0.7238609194755554
4butA,1uydA,-0.38705503940582275
4butA,1uyeA,-0.40113702416419983
4butA,4j0rA,-0.5809927582740784
4butA,4j0sA,-0.5431760549545288
4butA,3choA,-0.3030744194984436
4butA,3chpA,-0.30958378314971924
4butA,3chqA,-0.283969908952713
4butA,2zsaA,-0.4852161407470703
4butA,3af2A,-0.4846303164958954
4butA,3af3A,-0.48587340116500854
4butA,2x92A,-0.27590465545654297
4butA,2x93A,-0.28020143508911133
4butA,2x94A,-0.35655635595321655
4butA,3m67A,-0.33457183837890625
4butA,3m96A,-0.462678462266922
4butA,3s9tA,-0.5078170299530029
4buuA,2dhfA,-0.6749936938285828
4buuA,4m6lA,-0.6400524377822876
4buuA,1bk0A,-0.5791500806808472
4buuA,1odmA,-0.5708475708961487
4buuA,1qiqA,-0.5262947678565979
4buuA,1uzwA,-0.572076678276062
4buuA,1w05A,-0.5092419385910034
4buuA,2vbpA,-0.6257238388061523
4buuA,2y60A,-0.5862469673156738
4buuA,2y6fA,-0.3773598372936249
4buuA,1pwmA,-0.30748388171195984
4buuA,1x97A,-0.3275355398654938
4buuA,1rmzA,-0.37181127071380615
4buuA,3f15A,-0.5180125832557678
4buuA,3nx7A,-0.5336321592330933
4buuA,2zc9H,-0.9512006640434265
4buuA,2zdaH,-0.9039117693901062
4buuA,2zf0H,-0.9843268990516663
4buuA,2zffH,-0.9096186757087708
4buuA,3p17H,-0.9203322529792786
4buuA,3qtoH,-0.8334515690803528
4buuA,3qtvH,-0.8354479074478149
4buuA,3si3H,-0.9155580997467041
4buuA,3si4H,-0.8978157639503479
4buuA,3sv2H,-0.7647252082824707
4buuA,1uy6A,-0.3232261836528778
4buuA,1uycA,-0.6535399556159973
4buuA,1uydA,-0.3171120285987854
4buuA,1uyeA,-0.3334289789199829
4buuA,4j0rA,-0.5238802433013916
4buuA,4j0sA,-0.4828667640686035
4buuA,3choA,-0.23651595413684845
4buuA,3chpA,-0.23795530200004578
4buuA,3chqA,-0.21445398032665253
4buuA,2zsaA,-0.43265920877456665
4buuA,3af2A,-0.4321601092815399
4buuA,3af3A,-0.43323254585266113
4buuA,2x92A,-0.2693948745727539
4buuA,2x93A,-0.2897040843963623
4buuA,2x94A,-0.3756837248802185
4buuA,3m67A,-0.4040648341178894
4buuA,3m96A,-0.5328680276870728
4buuA,3s9tA,-0.5781596302986145
2x92A,2dhfA,-0.849864661693573
2x92A,4m6lA,-0.7969462871551514
2x92A,1bk0A,-0.783893346786499
2x92A,1odmA,-0.7849588394165039
2x92A,1qiqA,-0.732711911201477
2x92A,1uzwA,-0.7810158133506775
2x92A,1w05A,-0.7023033499717712
2x92A,2vbpA,-0.8243445158004761
2x92A,2y60A,-0.7912229895591736
2x92A,2y6fA,-0.4840813875198364
2x92A,1pwmA,-0.23165637254714966
2x92A,1x97A,-0.26252102851867676
2x92A,1rmzA,-0.31975165009498596
2x92A,3f15A,-0.43595272302627563
2x92A,3nx7A,-0.45570626854896545
2x92A,2zc9H,-0.7503238320350647
2x92A,2zdaH,-0.7049720883369446
2x92A,2zf0H,-0.7829968333244324
2x92A,2zffH,-0.7157415151596069
2x92A,3p17H,-0.7343401312828064
2x92A,3qtoH,-0.6485105752944946
2x92A,3qtvH,-0.6555255055427551
2x92A,3si3H,-0.7146890759468079
2x92A,3si4H,-0.7154797315597534
2x92A,3sv2H,-0.6039944291114807
2x92A,1uy6A,-0.36277738213539124
2x92A,1uycA,-0.7639288306236267
2x92A,1uydA,-0.3644760251045227
2x92A,1uyeA,-0.35342952609062195
2x92A,4j0rA,-0.7289465069770813
2x92A,4j0sA,-0.6825360059738159
2x92A,3choA,-0.2659701108932495
2x92A,3chpA,-0.3083948493003845
2x92A,3chqA,-0.27609166502952576
2x92A,2zsaA,-0.32633501291275024
2x92A,3af2A,-0.3253772556781769
2x92A,3af3A,-0.32736119627952576
2x92A,4butA,-0.275903582572937
2x92A,4buuA,-0.2693942189216614
2x92A,3m67A,-0.4246869683265686
2x92A,3m96A,-0.5346981883049011
2x92A,3s9tA,-0.5633187890052795
2x93A,2dhfA,-0.8947250247001648
2x93A,4m6lA,-0.8457424640655518
2x93A,1bk0A,-0.8230686783790588
2x93A,1odmA,-0.821111261844635
2x93A,1qiqA,-0.7718442678451538
2x93A,1uzwA,-0.8187881112098694
2x93A,1w05A,-0.745369553565979
2x93A,2vbpA,-0.8638862371444702
2x93A,2y60A,-0.8300820589065552
2x93A,2y6fA,-0.5414878129959106
2x93A,1pwmA,-0.30068036913871765
2x93A,1x97A,-0.3313416838645935
2x93A,1rmzA,-0.2601977288722992
2x93A,3f15A,-0.3698965013027191
2x93A,3nx7A,-0.3906016945838928
2x93A,2zc9H,-0.7028957605361938
2x93A,2zdaH,-0.6555958390235901
2x93A,2zf0H,-0.7365399599075317
2x93A,2zffH,-0.6644451022148132
2x93A,3p17H,-0.6812134385108948
2x93A,3qtoH,-0.5939230918884277
2x93A,3qtvH,-0.5987654328346252
2x93A,3si3H,-0.6660729646682739
2x93A,3si4H,-0.6607413291931152
2x93A,3sv2H,-0.5422257781028748
2x93A,1uy6A,-0.4268769919872284
2x93A,1uycA,-0.8191284537315369
2x93A,1uydA,-0.42797088623046875
2x93A,1uyeA,-0.41879621148109436
2x93A,4j0rA,-0.7693727016448975
2x93A,4j0sA,-0.7249646782875061
2x93A,3choA,-0.3277311325073242
2x93A,3chpA,-0.36746153235435486
2x93A,3chqA,-0.33471426367759705
2x93A,2zsaA,-0.3926732838153839
2x93A,3af2A,-0.3917064368724823
2x93A,3af3A,-0.39370742440223694
2x93A,4butA,-0.2802007496356964
2x93A,4buuA,-0.2897038161754608
2x93A,3m67A,-0.37057194113731384
2x93A,3m96A,-0.4762829542160034
2x93A,3s9tA,-0.5038627982139587
2x94A,2dhfA,-0.9737009406089783
2x94A,4m6lA,-0.9270868301391602
2x94A,1bk0A,-0.9017001986503601
2x94A,1odmA,-0.8978350758552551
2x94A,1qiqA,-0.8513046503067017
2x94A,1uzwA,-0.8964605331420898
2x94A,1w05A,-0.8276985883712769
2x94A,2vbpA,-0.9409568309783936
2x94A,2y60A,-0.9082140326499939
2x94A,2y6fA,-0.6329411268234253
2x94A,1pwmA,-0.39689454436302185
2x94A,1x97A,-0.42618927359580994
2x94A,1rmzA,-0.23508687317371368
2x94A,3f15A,-0.30474260449409485
2x94A,3nx7A,-0.32814154028892517
2x94A,2zc9H,-0.6072821617126465
2x94A,2zdaH,-0.5576316714286804
2x94A,2zf0H,-0.6430196762084961
2x94A,2zffH,-0.5669243931770325
2x94A,3p17H,-0.5863296389579773
2x94A,3qtoH,-0.49100518226623535
2x94A,3qtvH,-0.49765852093696594
2x94A,3si3H,-0.5693182945251465
2x94A,3si4H,-0.5632264018058777
2x94A,3sv2H,-0.4404454231262207
2x94A,1uy6A,-0.5234658718109131
2x94A,1uycA,-0.9011892676353455
2x94A,1uydA,-0.5248581767082214
2x94A,1uyeA,-0.5146134495735168
2x94A,4j0rA,-0.8506384491920471
2x94A,4j0sA,-0.80845707654953
2x94A,3choA,-0.42633524537086487
2x94A,3chpA,-0.465347558259964
2x94A,3chqA,-0.4336451292037964
2x94A,2zsaA,-0.47403180599212646
2x94A,3af2A,-0.47304558753967285
2x94A,3af3A,-0.4750826358795166
2x94A,4butA,-0.3565559983253479
2x94A,4buuA,-0.3756836950778961
2x94A,3m67A,-0.35053059458732605
2x94A,3m96A,-0.4376286566257477
2x94A,3s9tA,-0.4597918391227722
3m67A,2dhfA,-1.013061761856079
3m67A,4m6lA,-0.993604838848114
3m67A,1bk0A,-0.9067255258560181
3m67A,1odmA,-0.8871926665306091
3m67A,1qiqA,-0.8606701493263245
3m67A,1uzwA,-0.8951153755187988
3m67A,1w05A,-0.8596999645233154
3m67A,2vbpA,-0.9498390555381775
3m67A,2y60A,-0.9118320345878601
3m67A,2y6fA,-0.7637333869934082
3m67A,1pwmA,-0.6173825263977051
3m67A,1x97A,-0.6460478901863098
3m67A,1rmzA,-0.1280900537967682
3m67A,3f15A,-0.18421953916549683
3m67A,3nx7A,-0.18828964233398438
3m67A,2zc9H,-0.7437026500701904
3m67A,2zdaH,-0.6951479911804199
3m67A,2zf0H,-0.7739191055297852
3m67A,2zffH,-0.6830479502677917
3m67A,3p17H,-0.6704748272895813
3m67A,3qtoH,-0.6104074716567993
3m67A,3qtvH,-0.5883978009223938
3m67A,3si3H,-0.7074678540229797
3m67A,3si4H,-0.6454768180847168
3m67A,3sv2H,-0.49378228187561035
3m67A,1uy6A,-0.6946303844451904
3m67A,1uycA,-1.0180031061172485
3m67A,1uydA,-0.6911975145339966
3m67A,1uyeA,-0.6974052786827087
3m67A,4j0rA,-0.8626288771629333
3m67A,4j0sA,-0.8339215517044067
3m67A,3choA,-0.5975437164306641
3m67A,3chpA,-0.6162837147712708
3m67A,3chqA,-0.5869421362876892
3m67A,2zsaA,-0.7282528281211853
3m67A,3af2A,-0.7274326086044312
3m67A,3af3A,-0.7291399240493774
3m67A,4butA,-0.3345729112625122
3m67A,4buuA,-0.4040660262107849
3m67A,2x92A,-0.42468851804733276
3m67A,2x93A,-0.3705734312534332
3m67A,2x94A,-0.3505319654941559
3m96A,2dhfA,-1.1189316511154175
3m96A,4m6lA,-1.103433609008789
3m96A,1bk0A,-1.0129663944244385
3m96A,1odmA,-0.9917769432067871
3m96A,1qiqA,-0.9697721004486084
3m96A,1uzwA,-1.0008659362792969
3m96A,1w05A,-0.9718995094299316
3m96A,2vbpA,-1.0544096231460571
3m96A,2y60A,-1.0175716876983643
3m96A,2y6fA,-0.8852018117904663
3m96A,1pwmA,-0.7331463098526001
3m96A,1x97A,-0.7617501020431519
3m96A,1rmzA,-0.2204907089471817
3m96A,3f15A,-0.17249473929405212
3m96A,3nx7A,-0.1594717651605606
3m96A,2zc9H,-0.709814190864563
3m96A,2zdaH,-0.6650276184082031
3m96A,2zf0H,-0.7357819080352783
3m96A,2zffH,-0.6447241902351379
3m96A,3p17H,-0.6200346350669861
3m96A,3qtoH,-0.5825353264808655
3m96A,3qtvH,-0.5491611361503601
3m96A,3si3H,-0.6762441396713257
3m96A,3si4H,-0.5968111157417297
3m96A,3sv2H,-0.4525966942310333
3m96A,1uy6A,-0.8155009746551514
3m96A,1uycA,-1.1301017999649048
3m96A,1uydA,-0.8124409317970276
3m96A,1uyeA,-0.8173875212669373
3m96A,4j0rA,-0.9721359610557556
3m96A,4j0sA,-0.9465491771697998
3m96A,3choA,-0.7204552888870239
3m96A,3chpA,-0.7402178645133972
3m96A,3chqA,-0.7111191749572754
3m96A,2zsaA,-0.837742269039154
3m96A,3af2A,-0.8369060754776001
3m96A,3af3A,-0.8386403918266296
3m96A,4butA,-0.46267929673194885
3m96A,4buuA,-0.5328690409660339
3m96A,2x92A,-0.5346994996070862
3m96A,2x93A,-0.4762841761112213
3m96A,2x94A,-0.4376298189163208
3s9tA,2dhfA,-1.163140892982483
3s9tA,4m6lA,-1.1469295024871826
3s9tA,1bk0A,-1.0594141483306885
3s9tA,1odmA,-1.038872241973877
3s9tA,1qiqA,-1.0168178081512451
3s9tA,1uzwA,-1.047702670097351
3s9tA,1w05A,-1.0181714296340942
3s9tA,2vbpA,-1.1004458665847778
3s9tA,2y60A,-1.0640398263931274
3s9tA,2y6fA,-0.9266282916069031
3s9tA,1pwmA,-0.7643740177154541
3s9tA,1x97A,-0.7930965423583984
3s9tA,1rmzA,-0.250264048576355
3s9tA,3f15A,-0.17373523116111755
3s9tA,3nx7A,-0.15337669849395752
3s9tA,2zc9H,-0.6848584413528442
3s9tA,2zdaH,-0.6423965692520142
3s9tA,2zf0H,-0.708264172077179
3s9tA,2zffH,-0.6184205412864685
3s9tA,3p17H,-0.5878117680549622
3s9tA,3qtoH,-0.5640892386436462
3s9tA,3qtvH,-0.5248972773551941
3s9tA,3si3H,-0.652468204498291
3s9tA,3si4H,-0.5668382048606873
3s9tA,3sv2H,-0.430510938167572
3s9tA,1uy6A,-0.8524870872497559
3s9tA,1uycA,-1.1706688404083252
3s9tA,1uydA,-0.8498604893684387
3s9tA,1uyeA,-0.8533223867416382
3s9tA,4j0rA,-1.0186991691589355
3s9tA,4j0sA,-0.9929459691047668
3s9tA,3choA,-0.758111298084259
3s9tA,3chpA,-0.7796261310577393
3s9tA,3chqA,-0.7501990795135498
3s9tA,2zsaA,-0.8652443885803223
3s9tA,3af2A,-0.864393949508667
3s9tA,3af3A,-0.8661534190177917
3s9tA,4butA,-0.5078177452087402
3s9tA,4buuA,-0.5781604647636414
3s9tA,2x92A,-0.563319981098175
3s9tA,2x93A,-0.5038638710975647
3s9tA,2x94A,-0.4597929120063782
